"Country or Area","Element","Year","Unit","Value","Value Footnotes"
"Angola","Production","2018","tonnes","280500.00","F"
"Angola","Production","2017","tonnes","280453.00","Im"
"Angola","Production","2016","tonnes","280096.00","Im"
"Angola","Production","2015","tonnes","280876.00","Im"
"Angola","Production","2014","tonnes","280073.00","Im"
"Angola","Production","2013","tonnes","280000.00","F"
"Angola","Production","2012","tonnes","280000.00","F"
"Angola","Production","2011","tonnes","280000.00","F"
"Angola","Production","2010","tonnes","280000.00","F"
"Benin","Production","2018","tonnes","598522.00","Im"
"Benin","Production","2017","tonnes","595887.00","Im"
"Benin","Production","2016","tonnes","586915.00","Im"
"Benin","Production","2015","tonnes","612763.00","Im"
"Benin","Production","2014","tonnes","587983.00","Im"
"Benin","Production","2013","tonnes","560000.00","F"
"Benin","Production","2012","tonnes","530000.00","F"
"Benin","Production","2011","tonnes","460000.00","F"
"Benin","Production","2010","tonnes","460000.00","F"
"Burundi","Production","2018","tonnes","85974.00","Im"
"Burundi","Production","2017","tonnes","86543.00","Im"
"Burundi","Production","2016","tonnes","86323.00","Im"
"Burundi","Production","2015","tonnes","84522.00","Im"
"Burundi","Production","2014","tonnes","85412.00","Im"
"Burundi","Production","2013","tonnes","79000.00","F"
"Burundi","Production","2012","tonnes","72000.00","F"
"Burundi","Production","2011","tonnes","70000.00","F"
"Burundi","Production","2010","tonnes","84000.00","F"
"Cameroon","Production","2018","tonnes","2641118.00","Im"
"Cameroon","Production","2017","tonnes","2594449.00","Im"
"Cameroon","Production","2016","tonnes","2558336.00","Im"
"Cameroon","Production","2015","tonnes","2770569.00","Im"
"Cameroon","Production","2014","tonnes","2454441.00","Im"
"Cameroon","Production","2013","tonnes","2450000.00","F"
"Cameroon","Production","2012","tonnes","2500000.00","F"
"Cameroon","Production","2011","tonnes","2400000.00","F"
"Cameroon","Production","2010","tonnes","2200000.00","F"
"Central African Republic","Production","2018","tonnes","5605.00","Im"
"Central African Republic","Production","2017","tonnes","5800.00","F"
"Central African Republic","Production","2016","tonnes","6000.00","F"
"Central African Republic","Production","2015","tonnes","5900.00","F"
"Central African Republic","Production","2014","tonnes","5832.00","Im"
"Central African Republic","Production","2013","tonnes","5800.00","F"
"Central African Republic","Production","2012","tonnes","5500.00","F"
"Central African Republic","Production","2011","tonnes","5000.00","F"
"Central African Republic","Production","2010","tonnes","4721.00",""
"Congo","Production","2018","tonnes","146620.00","Im"
"Congo","Production","2017","tonnes","146129.00","Im"
"Congo","Production","2016","tonnes","145637.00","Im"
"Congo","Production","2015","tonnes","145515.00","Im"
"Congo","Production","2014","tonnes","144134.00","Im"
"Congo","Production","2013","tonnes","144000.00","F"
"Congo","Production","2012","tonnes","143500.00","F"
"Congo","Production","2011","tonnes","142000.00","F"
"Congo","Production","2010","tonnes","141250.00","F"
"Côte d'Ivoire","Production","2018","tonnes","2186851.00","Im"
"Côte d'Ivoire","Production","2017","tonnes","2227000.00",""
"Côte d'Ivoire","Production","2016","tonnes","2019000.00",""
"Côte d'Ivoire","Production","2015","tonnes","1800000.00",""
"Côte d'Ivoire","Production","2014","tonnes","1713189.00","Im"
"Côte d'Ivoire","Production","2013","tonnes","1743775.00",""
"Côte d'Ivoire","Production","2012","tonnes","1838540.00",""
"Côte d'Ivoire","Production","2011","tonnes","1636000.00",""
"Côte d'Ivoire","Production","2010","tonnes","1566711.00",""
"Democratic Republic of the Congo","Production","2018","tonnes","1192783.00","Im"
"Democratic Republic of the Congo","Production","2017","tonnes","1188562.00","Im"
"Democratic Republic of the Congo","Production","2016","tonnes","1184341.00","Im"
"Democratic Republic of the Congo","Production","2015","tonnes","1179761.00","Im"
"Democratic Republic of the Congo","Production","2014","tonnes","1176351.00","Im"
"Democratic Republic of the Congo","Production","2013","tonnes","1172101.00","Im"
"Democratic Republic of the Congo","Production","2012","tonnes","1164858.00","Im"
"Democratic Republic of the Congo","Production","2011","tonnes","1172278.00","Im"
"Democratic Republic of the Congo","Production","2010","tonnes","1163583.00",""
"Equatorial Guinea","Production","2018","tonnes","36059.00","Im"
"Equatorial Guinea","Production","2017","tonnes","35972.00","Im"
"Equatorial Guinea","Production","2016","tonnes","35885.00","Im"
"Equatorial Guinea","Production","2015","tonnes","35767.00","Im"
"Equatorial Guinea","Production","2014","tonnes","35911.00","Im"
"Equatorial Guinea","Production","2013","tonnes","36000.00","F"
"Equatorial Guinea","Production","2012","tonnes","36000.00","F"
"Equatorial Guinea","Production","2011","tonnes","35000.00","F"
"Equatorial Guinea","Production","2010","tonnes","35000.00","F"
"Gabon","Production","2018","tonnes","21000.00","F"
"Gabon","Production","2017","tonnes","21000.00","F"
"Gabon","Production","2016","tonnes","21000.00","F"
"Gabon","Production","2015","tonnes","21000.00","F"
"Gabon","Production","2014","tonnes","21000.00","F"
"Gabon","Production","2013","tonnes","21000.00","F"
"Gabon","Production","2012","tonnes","20000.00","F"
"Gabon","Production","2011","tonnes","20000.00","F"
"Gabon","Production","2010","tonnes","20000.00","F"
"Gambia","Production","2018","tonnes","35066.00","Im"
"Gambia","Production","2017","tonnes","35064.00","Im"
"Gambia","Production","2016","tonnes","35062.00","Im"
"Gambia","Production","2015","tonnes","35072.00","Im"
"Gambia","Production","2014","tonnes","35064.00","Im"
"Gambia","Production","2013","tonnes","35000.00","F"
"Gambia","Production","2012","tonnes","35000.00","F"
"Gambia","Production","2011","tonnes","35000.00","F"
"Gambia","Production","2010","tonnes","35000.00","F"
"Ghana","Production","2018","tonnes","2604387.00","Im"
"Ghana","Production","2017","tonnes","2465379.00","Im"
"Ghana","Production","2016","tonnes","2443000.00",""
"Ghana","Production","2015","tonnes","2443000.00",""
"Ghana","Production","2014","tonnes","2443270.00",""
"Ghana","Production","2013","tonnes","2326920.00",""
"Ghana","Production","2012","tonnes","2196100.00",""
"Ghana","Production","2011","tonnes","2125600.00",""
"Ghana","Production","2010","tonnes","2004300.00",""
"Guinea-Bissau","Production","2018","tonnes","80500.00","F"
"Guinea-Bissau","Production","2017","tonnes","80500.00","F"
"Guinea-Bissau","Production","2016","tonnes","80500.00","F"
"Guinea-Bissau","Production","2015","tonnes","80500.00","F"
"Guinea-Bissau","Production","2014","tonnes","80500.00","F"
"Guinea-Bissau","Production","2013","tonnes","80500.00","F"
"Guinea-Bissau","Production","2012","tonnes","80500.00","F"
"Guinea-Bissau","Production","2011","tonnes","80500.00","F"
"Guinea-Bissau","Production","2010","tonnes","80000.00","F"
"Liberia","Production","2018","tonnes","176000.00","F"
"Liberia","Production","2017","tonnes","174800.00","F"
"Liberia","Production","2016","tonnes","175000.00","F"
"Liberia","Production","2015","tonnes","175800.00","F"
"Liberia","Production","2014","tonnes","174738.00","Im"
"Liberia","Production","2013","tonnes","171068.00","Im"
"Liberia","Production","2012","tonnes","172003.00","Im"
"Liberia","Production","2011","tonnes","173029.00","Im"
"Liberia","Production","2010","tonnes","174000.00",""
"Madagascar","Production","2018","tonnes","21093.00","Im"
"Madagascar","Production","2017","tonnes","21109.00","Im"
"Madagascar","Production","2016","tonnes","21125.00","Im"
"Madagascar","Production","2015","tonnes","21068.00","Im"
"Madagascar","Production","2014","tonnes","20966.00","Im"
"Madagascar","Production","2013","tonnes","21200.00","F"
"Madagascar","Production","2012","tonnes","22000.00","F"
"Madagascar","Production","2011","tonnes","21200.00","F"
"Madagascar","Production","2010","tonnes","21200.00","F"
"Nigeria","Production","2018","tonnes","7850000.00","Im"
"Nigeria","Production","2017","tonnes","7743722.00","Im"
"Nigeria","Production","2016","tonnes","7808866.00","Im"
"Nigeria","Production","2015","tonnes","7885616.00","Im"
"Nigeria","Production","2014","tonnes","7970753.00","Im"
"Nigeria","Production","2013","tonnes","8000000.00","F"
"Nigeria","Production","2012","tonnes","8100000.00","F"
"Nigeria","Production","2011","tonnes","8000000.00","F"
"Nigeria","Production","2010","tonnes","8000000.00","F"
"Sao Tome and Principe","Production","2018","tonnes","18497.00","Im"
"Sao Tome and Principe","Production","2017","tonnes","18184.00","Im"
"Sao Tome and Principe","Production","2016","tonnes","17871.00","Im"
"Sao Tome and Principe","Production","2015","tonnes","17773.00","Im"
"Sao Tome and Principe","Production","2014","tonnes","16564.00","Im"
"Sao Tome and Principe","Production","2013","tonnes","16200.00","F"
"Sao Tome and Principe","Production","2012","tonnes","16100.00","F"
"Sao Tome and Principe","Production","2011","tonnes","16100.00","F"
"Sao Tome and Principe","Production","2010","tonnes","16100.00","F"
"Senegal","Production","2018","tonnes","139763.00","Im"
"Senegal","Production","2017","tonnes","135952.00","Im"
"Senegal","Production","2016","tonnes","132140.00","Im"
"Senegal","Production","2015","tonnes","127290.00","Im"
"Senegal","Production","2014","tonnes","120054.00","Im"
"Senegal","Production","2013","tonnes","120000.00","F"
"Senegal","Production","2012","tonnes","122000.00","F"
"Senegal","Production","2011","tonnes","120000.00","F"
"Senegal","Production","2010","tonnes","120000.00","F"
"Sierra Leone","Production","2018","tonnes","254000.00","F"
"Sierra Leone","Production","2017","tonnes","246000.00","F"
"Sierra Leone","Production","2016","tonnes","232000.00","F"
"Sierra Leone","Production","2015","tonnes","230000.00","F"
"Sierra Leone","Production","2014","tonnes","218000.00","F"
"Sierra Leone","Production","2013","tonnes","210000.00","F"
"Sierra Leone","Production","2012","tonnes","210000.00","F"
"Sierra Leone","Production","2011","tonnes","212000.00","F"
"Sierra Leone","Production","2010","tonnes","212000.00","F"
"Togo","Production","2018","tonnes","156156.00","Im"
"Togo","Production","2017","tonnes","154196.00","Im"
"Togo","Production","2016","tonnes","152235.00","Im"
"Togo","Production","2015","tonnes","149197.00","Im"
"Togo","Production","2014","tonnes","145379.00","Im"
"Togo","Production","2013","tonnes","147000.00","F"
"Togo","Production","2012","tonnes","150000.00","F"
"Togo","Production","2011","tonnes","146000.00","F"
"Togo","Production","2010","tonnes","146500.00","F"
"United Republic of Tanzania","Production","2018","tonnes","76206.00","Im"
"United Republic of Tanzania","Production","2017","tonnes","75494.00","Im"
"United Republic of Tanzania","Production","2016","tonnes","74781.00","Im"
"United Republic of Tanzania","Production","2015","tonnes","74217.00","Im"
"United Republic of Tanzania","Production","2014","tonnes","72643.00","Im"
"United Republic of Tanzania","Production","2013","tonnes","72500.00","F"
"United Republic of Tanzania","Production","2012","tonnes","72500.00","F"
"United Republic of Tanzania","Production","2011","tonnes","71000.00","F"
"United Republic of Tanzania","Production","2010","tonnes","69500.00","F"

"fnSeqID","Footnote"
"*","Unofficial figure"
"F","FAO estimate"
"Im","FAO data based on imputation methodology"
